{
  "concept_name": "bowling pin",
  "tokens": [
    9249,
    18697,
    12524,
    27439,
    33124,
    1763,
    14628
  ],
  "decoded_prompt": "mented buddhist pjspire nerdy til olo",
  "num_positive_images": 5,
  "num_negative_images": 10,
  "positive_mean_iou": 0.5807878053380373,
  "positive_mean_quality_iou": 0.5319451329413838,
  "positive_recall": 0.7222222222222222,
  "positive_precision": 0.65,
  "negative_false_positive_rate": 0.13725129519400353,
  "negative_clean_rate": 0.2,
  "fitness": 0.5883183891005838,
  "eval_time_seconds": 2.2667810916900635,
  "image_results": [
    {
      "image_path": "/home/ubuntu/sam3/SACo_Gold_bundle/metaclip-images/1/205501/metaclip_1_205501_790b1a1553035cd88871543b.jpeg",
      "image_index": 0,
      "is_positive": true,
      "augmentation": {
        "horizontal_flip": false,
        "gaussian_blur": false,
        "blur_sigma": null,
        "gaussian_noise": false,
        "noise_std": null,
        "brightness_adjusted": false,
        "brightness_factor": null,
        "contrast_adjusted": false,
        "contrast_factor": null
      },
      "num_predictions": 4,
      "prediction_confidences": [
        0.5755599737167358,
        0.6968688368797302,
        0.5671136975288391,
        0.6483221650123596
      ],
      "prediction_areas": [
        174699,
        14255,
        153160,
        16883
      ],
      "num_ground_truth": 2,
      "ground_truth_areas": [
        152297,
        174125
      ],
      "num_matched": 2,
      "matched_ious": [
        0.9915696821515892,
        0.9919937411842639
      ],
      "mean_iou": 0.9917817116679266,
      "false_positive_rate": 0.0,
      "quality_iou": 0.9917817116679266
    },
    {
      "image_path": "/home/ubuntu/sam3/SACo_Gold_bundle/metaclip-images/1/7301/metaclip_1_7301_28a96ce48bc224b58c1fe47c.jpeg",
      "image_index": 1,
      "is_positive": true,
      "augmentation": {
        "horizontal_flip": false,
        "gaussian_blur": false,
        "blur_sigma": null,
        "gaussian_noise": false,
        "noise_std": null,
        "brightness_adjusted": false,
        "brightness_factor": null,
        "contrast_adjusted": false,
        "contrast_factor": null
      },
      "num_predictions": 4,
      "prediction_confidences": [
        0.5016817450523376,
        0.6985434293746948,
        0.5101704597473145,
        0.563629686832428
      ],
      "prediction_areas": [
        4829,
        14737,
        4750,
        30637
      ],
      "num_ground_truth": 1,
      "ground_truth_areas": [
        23531
      ],
      "num_matched": 0,
      "matched_ious": [],
      "mean_iou": 0.0,
      "false_positive_rate": 0.0,
      "quality_iou": 0.0
    },
    {
      "image_path": "/home/ubuntu/sam3/SACo_Gold_bundle/metaclip-images/1/168401/metaclip_1_168401_24b2ac24a2d58b0bd0e23c9f.jpeg",
      "image_index": 2,
      "is_positive": true,
      "augmentation": {
        "horizontal_flip": false,
        "gaussian_blur": false,
        "blur_sigma": null,
        "gaussian_noise": false,
        "noise_std": null,
        "brightness_adjusted": false,
        "brightness_factor": null,
        "contrast_adjusted": false,
        "contrast_factor": null
      },
      "num_predictions": 6,
      "prediction_confidences": [
        0.6194122433662415,
        0.5581128597259521,
        0.5299767255783081,
        0.5475065112113953,
        0.5623485445976257,
        0.6043447852134705
      ],
      "prediction_areas": [
        25664,
        10925,
        20926,
        28419,
        18952,
        17819
      ],
      "num_ground_truth": 8,
      "ground_truth_areas": [
        17774,
        32617,
        27984,
        25760,
        20831,
        18980,
        10667,
        18579
      ],
      "num_matched": 6,
      "matched_ious": [
        0.9801390820584145,
        0.9737201245757078,
        0.9818097733929397,
        0.9761014623065638,
        0.9767575173276356,
        0.972592727937146
      ],
      "mean_iou": 0.9768534479330678,
      "false_positive_rate": 0.0,
      "quality_iou": 0.7326400859498009
    },
    {
      "image_path": "/home/ubuntu/sam3/SACo_Gold_bundle/metaclip-images/1/176501/metaclip_1_176501_6a923c10b2691e3e63927639.jpeg",
      "image_index": 3,
      "is_positive": true,
      "augmentation": {
        "horizontal_flip": false,
        "gaussian_blur": false,
        "blur_sigma": null,
        "gaussian_noise": false,
        "noise_std": null,
        "brightness_adjusted": false,
        "brightness_factor": null,
        "contrast_adjusted": false,
        "contrast_factor": null
      },
      "num_predictions": 5,
      "prediction_confidences": [
        0.7487199902534485,
        0.7622132301330566,
        0.766335666179657,
        0.7876240611076355,
        0.7499305605888367
      ],
      "prediction_areas": [
        26031,
        25496,
        31481,
        44797,
        31862
      ],
      "num_ground_truth": 5,
      "ground_truth_areas": [
        44701,
        31970,
        32451,
        25996,
        23473
      ],
      "num_matched": 5,
      "matched_ious": [
        0.9707572721467421,
        0.9494853861894146,
        0.9671384615384615,
        0.9624223484126682,
        0.8267158671586716
      ],
      "mean_iou": 0.9353038670891916,
      "false_positive_rate": 0.0,
      "quality_iou": 0.9353038670891916
    },
    {
      "image_path": "/home/ubuntu/sam3/SACo_Gold_bundle/metaclip-images/1/7101/metaclip_1_7101_59cc00ae1a5fe2d0e3d1a4d7.jpeg",
      "image_index": 4,
      "is_positive": true,
      "augmentation": {
        "horizontal_flip": false,
        "gaussian_blur": false,
        "blur_sigma": null,
        "gaussian_noise": false,
        "noise_std": null,
        "brightness_adjusted": false,
        "brightness_factor": null,
        "contrast_adjusted": false,
        "contrast_factor": null
      },
      "num_predictions": 1,
      "prediction_confidences": [
        0.8636336326599121
      ],
      "prediction_areas": [
        51143
      ],
      "num_ground_truth": 2,
      "ground_truth_areas": [
        13153,
        14484
      ],
      "num_matched": 0,
      "matched_ious": [],
      "mean_iou": 0.0,
      "false_positive_rate": 0.0,
      "quality_iou": 0.0
    },
    {
      "image_path": "/home/ubuntu/sam3/SACo_Gold_bundle/metaclip-images/1/70401/metaclip_1_70401_3f98dc037d2d08e0d5f32858.jpeg",
      "image_index": 0,
      "is_positive": false,
      "augmentation": {
        "horizontal_flip": false,
        "gaussian_blur": false,
        "blur_sigma": null,
        "gaussian_noise": false,
        "noise_std": null,
        "brightness_adjusted": false,
        "brightness_factor": null,
        "contrast_adjusted": false,
        "contrast_factor": null
      },
      "num_predictions": 5,
      "prediction_confidences": [
        0.7288448214530945,
        0.673009991645813,
        0.6815733313560486,
        0.6508744359016418,
        0.7572087049484253
      ],
      "prediction_areas": [
        76791,
        48593,
        52476,
        58557,
        82830
      ],
      "num_ground_truth": 0,
      "ground_truth_areas": [],
      "num_matched": 0,
      "matched_ious": [],
      "mean_iou": 0.0,
      "false_positive_rate": 0.31419969608213655,
      "quality_iou": 0.0
    },
    {
      "image_path": "/home/ubuntu/sam3/SACo_Gold_bundle/metaclip-images/1/111301/metaclip_1_111301_a45c56ba82971626df4bc57f.jpeg",
      "image_index": 1,
      "is_positive": false,
      "augmentation": {
        "horizontal_flip": false,
        "gaussian_blur": false,
        "blur_sigma": null,
        "gaussian_noise": false,
        "noise_std": null,
        "brightness_adjusted": false,
        "brightness_factor": null,
        "contrast_adjusted": false,
        "contrast_factor": null
      },
      "num_predictions": 1,
      "prediction_confidences": [
        0.5415846705436707
      ],