{
  "concept_name": "cabinet",
  "tokens": [
    9937
  ],
  "decoded_prompt": "cabinet ",
  "num_positive_images": 4,
  "num_negative_images": 10,
  "positive_mean_iou": 0.8754009826650604,
  "positive_mean_quality_iou": 0.7853634661071587,
  "positive_recall": 0.7948717948717948,
  "positive_precision": 0.5254237288135594,
  "negative_false_positive_rate": 0.14541790674603175,
  "negative_clean_rate": 0.0,
  "fitness": 0.6835793475108514,
  "eval_time_seconds": 2.270242929458618,
  "image_results": [
    {
      "image_path": "/home/ubuntu/sam3/SACo_Gold_bundle/metaclip-images/2/10202/metaclip_2_10202_aa42e70aea9eded7f624fb9a.jpeg",
      "image_index": 0,
      "is_positive": true,
      "augmentation": {
        "horizontal_flip": false,
        "gaussian_blur": false,
        "blur_sigma": null,
        "gaussian_noise": false,
        "noise_std": null,
        "brightness_adjusted": false,
        "brightness_factor": null,
        "contrast_adjusted": false,
        "contrast_factor": null
      },
      "num_predictions": 7,
      "prediction_confidences": [
        0.5880498886108398,
        0.7717546224594116,
        0.7074964642524719,
        0.5386814475059509,
        0.7500354051589966,
        0.5254685878753662,
        0.7928394675254822
      ],
      "prediction_areas": [
        67050,
        64844,
        16079,
        24450,
        36168,
        33898,
        59978
      ],
      "num_ground_truth": 3,
      "ground_truth_areas": [
        64723,
        36169,
        37322
      ],
      "num_matched": 3,
      "matched_ious": [
        0.9893902869689386,
        0.9917123268812468,
        0.6551095868388618
      ],
      "mean_iou": 0.8787374002296824,
      "false_positive_rate": 0.0,
      "quality_iou": 0.8787374002296824
    },
    {
      "image_path": "/home/ubuntu/sam3/SACo_Gold_bundle/metaclip-images/2/101702/metaclip_2_101702_6725a445e4c7c786cd5207b9.jpeg",
      "image_index": 1,
      "is_positive": true,
      "augmentation": {
        "horizontal_flip": false,
        "gaussian_blur": false,
        "blur_sigma": null,
        "gaussian_noise": false,
        "noise_std": null,
        "brightness_adjusted": false,
        "brightness_factor": null,
        "contrast_adjusted": false,
        "contrast_factor": null
      },
      "num_predictions": 17,
      "prediction_confidences": [
        0.8402253985404968,
        0.519079327583313,
        0.7386326193809509,
        0.7389044165611267,
        0.5245832204818726,
        0.6481936573982239,
        0.8033638596534729,
        0.5467175245285034,
        0.7936800718307495,
        0.7362300157546997,
        0.6542666554450989,
        0.6309006810188293,
        0.5998539924621582,
        0.555370032787323,
        0.7695559859275818,
        0.740447461605072,
        0.5561694502830505
      ],
      "prediction_areas": [
        5862,
        7263,
        8042,
        1890,
        7563,
        2066,
        3753,
        7672,
        4326,
        7461,
        15706,
        2850,
        15621,
        14916,
        53640,
        14989,
        7554
      ],
      "num_ground_truth": 19,
      "ground_truth_areas": [
        7586,
        3731,
        6878,
        13740,
        6261,
        5639,
        960,
        661,
        1498,
        1278,
        476,
        5495,
        1317,
        322,
        6822,
        5488,
        1545,
        260,
        1985
      ],
      "num_matched": 11,
      "matched_ious": [
        0.9674025974025974,
        0.9663688912243825,
        0.8955184992183429,
        0.9166722262992861,
        0.8288324066719619,
        0.9592844974446337,
        0.7126381547333013,
        0.7346364975230955,
        0.9323638359171355,
        0.6815809097688292,
        0.8136219640971489
      ],
      "mean_iou": 0.8553564073000648,
      "false_positive_rate": 0.0,
      "quality_iou": 0.49520634106845857
    },
    {
      "image_path": "/home/ubuntu/sam3/SACo_Gold_bundle/metaclip-images/2/101702/metaclip_2_101702_a58c1bec9b45ee1882d5bdbb.jpeg",
      "image_index": 2,
      "is_positive": true,
      "augmentation": {
        "horizontal_flip": false,
        "gaussian_blur": false,
        "blur_sigma": null,
        "gaussian_noise": false,
        "noise_std": null,
        "brightness_adjusted": false,
        "brightness_factor": null,
        "contrast_adjusted": false,
        "contrast_factor": null
      },
      "num_predictions": 18,
      "prediction_confidences": [
        0.703072190284729,
        0.8013979196548462,
        0.8038255572319031,
        0.6007022857666016,
        0.5312972068786621,
        0.834658145904541,
        0.6952999234199524,
        0.5558360815048218,
        0.7749937176704407,
        0.5854071378707886,
        0.504994809627533,
        0.5305670499801636,
        0.8613144755363464,
        0.53900545835495,
        0.8282080292701721,
        0.7293764352798462,
        0.5717165470123291,
        0.8286677002906799
      ],
      "prediction_areas": [
        18417,
        12404,
        33896,
        13005,
        7049,
        81621,
        19028,
        9417,
        10899,
        40535,
        16845,
        16928,
        15217,
        3573,
        33970,
        18148,
        18519,
        30177
      ],
      "num_ground_truth": 9,
      "ground_truth_areas": [
        11922,
        40151,
        11613,
        5117,
        118677,
        40753,
        41084,
        15677,
        52106
      ],
      "num_matched": 9,
      "matched_ious": [
        0.9337042925278219,
        0.9466332118989602,
        0.9346854589205913,
        0.6886902448503692,
        0.687004127010865,
        0.8281536992138712,
        0.8264424597863383,
        0.9699037174010074,
        0.577088204852992
      ],
      "mean_iou": 0.8213672684958685,
      "false_positive_rate": 0.0,
      "quality_iou": 0.8213672684958685
    },
    {
      "image_path": "/home/ubuntu/sam3/SACo_Gold_bundle/metaclip-images/2/10502/metaclip_2_10502_8f9b6c5ccd85d1045277ad55.jpeg",
      "image_index": 3,
      "is_positive": true,
      "augmentation": {
        "horizontal_flip": false,
        "gaussian_blur": false,
        "blur_sigma": null,
        "gaussian_noise": false,
        "noise_std": null,
        "brightness_adjusted": false,
        "brightness_factor": null,
        "contrast_adjusted": false,
        "contrast_factor": null
      },
      "num_predictions": 17,
      "prediction_confidences": [
        0.7846373915672302,
        0.727127194404602,
        0.577053427696228,
        0.5581199526786804,
        0.7126595377922058,
        0.6149421334266663,
        0.6997395753860474,
        0.5024802088737488,
        0.5931950807571411,
        0.8175109028816223,
        0.8096136450767517,
        0.561085045337677,
        0.8127696514129639,
        0.6419770121574402,
        0.7664331793785095,
        0.5516053438186646,
        0.719959020614624
      ],
      "prediction_areas": [
        49831,
        12776,
        59885,
        48699,
        29469,
        7822,
        19431,
        21167,
        46584,
        43155,
        106748,
        28574,
        44781,
        23160,
        50282,
        21855,
        11449
      ],
      "num_ground_truth": 8,
      "ground_truth_areas": [
        107341,
        50777,
        12793,
        49314,
        11980,
        53483,
        46156,
        51730
      ],
      "num_matched": 8,
      "matched_ious": [
        0.9636148512308764,
        0.9722031638993982,
        0.9614145443387542,
        0.9784618490109003,
        0.9504662004662005,
        0.8007639988819528,
        0.9702097235462345,
        0.972008505702687
      ],
      "mean_iou": 0.9461428546346256,
      "false_positive_rate": 0.0,