{
  "concept_name": "dumpling",
  "tokens": [
    17051,
    2942,
    1639
  ],
  "decoded_prompt": "somalia budrun",
  "num_positive_images": 3,
  "num_negative_images": 10,
  "positive_mean_iou": 0.9493362322710551,
  "positive_mean_quality_iou": 0.635563014448841,
  "positive_recall": 0.32432432432432434,
  "positive_precision": 1.0,
  "negative_false_positive_rate": 0.22110595395565635,
  "negative_clean_rate": 0.0,
  "fitness": 0.5193969789678211,
  "eval_time_seconds": 1.9498932361602783,
  "image_results": [
    {
      "image_path": "/home/ubuntu/sam3/SACo_Gold_bundle/metaclip-images/1/80501/metaclip_1_80501_e66842648dfc1fb11dcc2c53.jpeg",
      "image_index": 0,
      "is_positive": true,
      "augmentation": {
        "horizontal_flip": false,
        "gaussian_blur": false,
        "blur_sigma": null,
        "gaussian_noise": false,
        "noise_std": null,
        "brightness_adjusted": false,
        "brightness_factor": null,
        "contrast_adjusted": false,
        "contrast_factor": null
      },
      "num_predictions": 7,
      "prediction_confidences": [
        0.6731417775154114,
        0.6462526321411133,
        0.6179797649383545,
        0.6951481699943542,
        0.6411835551261902,
        0.6384649276733398,
        0.6781397461891174
      ],
      "prediction_areas": [
        31581,
        24646,
        31430,
        20676,
        26497,
        25748,
        20894
      ],
      "num_ground_truth": 7,
      "ground_truth_areas": [
        26698,
        31942,
        21005,
        24951,
        32098,
        20758,
        25932
      ],
      "num_matched": 7,
      "matched_ious": [
        0.9848139994776315,
        0.9875782227784731,
        0.9852641554134092,
        0.9847532914482372,
        0.978880478459957,
        0.9886729061675066,
        0.9891459143220045
      ],
      "mean_iou": 0.9855869954381741,
      "false_positive_rate": 0.0,
      "quality_iou": 0.9855869954381741
    },
    {
      "image_path": "/home/ubuntu/sam3/SACo_Gold_bundle/metaclip-images/1/145501/metaclip_1_145501_82bb7e88a2d5925e80944996.jpeg",
      "image_index": 1,
      "is_positive": true,
      "augmentation": {
        "horizontal_flip": false,
        "gaussian_blur": false,
        "blur_sigma": null,
        "gaussian_noise": false,
        "noise_std": null,
        "brightness_adjusted": false,
        "brightness_factor": null,
        "contrast_adjusted": false,
        "contrast_factor": null
      },
      "num_predictions": 1,
      "prediction_confidences": [
        0.5013532042503357
      ],
      "prediction_areas": [
        14673
      ],
      "num_ground_truth": 26,
      "ground_truth_areas": [
        9436,
        2620,
        27569,
        25030,
        17541,
        3733,
        18027,
        1215,
        18771,
        25723,
        23066,
        11692,
        2018,
        12557,
        11838,
        3701,
        11995,
        7664,
        17358,
        32160,
        17703,
        16626,
        3722,
        17213,
        20480,
        14408
      ],
      "num_matched": 1,
      "matched_ious": [
        0.9789724396053079
      ],
      "mean_iou": 0.9789724396053079,
      "false_positive_rate": 0.0,
      "quality_iou": 0.03765278613866569
    },
    {
      "image_path": "/home/ubuntu/sam3/SACo_Gold_bundle/metaclip-images/1/155301/metaclip_1_155301_ad1a93744a3ccd53e3f123a7.jpeg",
      "image_index": 2,
      "is_positive": true,
      "augmentation": {
        "horizontal_flip": false,
        "gaussian_blur": false,
        "blur_sigma": null,
        "gaussian_noise": false,
        "noise_std": null,
        "brightness_adjusted": false,
        "brightness_factor": null,
        "contrast_adjusted": false,
        "contrast_factor": null
      },
      "num_predictions": 4,
      "prediction_confidences": [
        0.7076773047447205,
        0.6887672543525696,
        0.6431769132614136,
        0.6413746476173401
      ],
      "prediction_areas": [
        85504,
        86824,
        94508,
        59570
      ],
      "num_ground_truth": 4,
      "ground_truth_areas": [
        95291,
        52014,
        86764,
        60310
      ],
      "num_matched": 4,
      "matched_ious": [
        0.9882152060505751,
        0.5882265463239416,
        0.98086608559667,
        0.9764892091075462
      ],
      "mean_iou": 0.8834492617696832,
      "false_positive_rate": 0.0,
      "quality_iou": 0.8834492617696832
    },
    {
      "image_path": "/home/ubuntu/sam3/SACo_Gold_bundle/metaclip-images/1/15501/metaclip_1_15501_e2c7cf383e9466bb48e4a313.jpeg",
      "image_index": 0,
      "is_positive": false,
      "augmentation": {
        "horizontal_flip": false,
        "gaussian_blur": false,
        "blur_sigma": null,
        "gaussian_noise": false,
        "noise_std": null,
        "brightness_adjusted": false,
        "brightness_factor": null,
        "contrast_adjusted": false,
        "contrast_factor": null
      },
      "num_predictions": 4,
      "prediction_confidences": [
        0.6501906514167786,
        0.5444945096969604,
        0.5215985178947449,
        0.5005160570144653
      ],
      "prediction_areas": [
        17535,
        15024,
        7519,
        7691
      ],
      "num_ground_truth": 0,
      "ground_truth_areas": [],
      "num_matched": 0,
      "matched_ious": [],
      "mean_iou": 0.0,
      "false_positive_rate": 0.047013770786092215,
      "quality_iou": 0.0
    },
    {
      "image_path": "/home/ubuntu/sam3/SACo_Gold_bundle/metaclip-images/1/25001/metaclip_1_25001_d0659ff6e56d2b2cab78ac6e.jpeg",
      "image_index": 1,
      "is_positive": false,
      "augmentation": {
        "horizontal_flip": false,
        "gaussian_blur": false,
        "blur_sigma": null,
        "gaussian_noise": false,
        "noise_std": null,
        "brightness_adjusted": false,
        "brightness_factor": null,
        "contrast_adjusted": false,
        "contrast_factor": null
      },
      "num_predictions": 4,
      "prediction_confidences": [
        0.7699537873268127,
        0.7164396643638611,
        0.5335821509361267,
        0.7519848346710205
      ],
      "prediction_areas": [
        106700,
        137812,
        21770,
        144808
      ],
      "num_ground_truth": 0,
      "ground_truth_areas": [],
      "num_matched": 0,
      "matched_ious": [],
      "mean_iou": 0.0,
      "false_positive_rate": 0.40459065570672714,
      "quality_iou": 0.0
    },
    {
      "image_path": "/home/ubuntu/sam3/SACo_Gold_bundle/metaclip-images/1/54001/metaclip_1_54001_4ce5678d187f9fdd5990d84b.jpeg",
      "image_index": 2,
      "is_positive": false,
      "augmentation": {
        "horizontal_flip": false,
        "gaussian_blur": false,
        "blur_sigma": null,
        "gaussian_noise": false,
        "noise_std": null,
        "brightness_adjusted": false,
        "brightness_factor": null,
        "contrast_adjusted": false,
        "contrast_factor": null
      },
      "num_predictions": 9,
      "prediction_confidences": [
        0.606156587600708,
        0.541958749294281,
        0.5142820477485657,
        0.5491254925727844,
        0.539650559425354,
        0.5033072233200073,
        0.628807544708252,
        0.5933365225791931,
        0.6287512183189392
      ],
      "prediction_areas": [
        9366,
        7016,
        5556,
        5998,
        7392,
        4954,
        6579,
        7905,
        5887
      ],
      "num_ground_truth": 0,
      "ground_truth_areas": [],
      "num_matched": 0,
      "matched_ious": [],
      "mean_iou": 0.0,
      "false_positive_rate": 0.05969407438901486,
      "quality_iou": 0.0
    },
    {
      "image_path": "/home/ubuntu/sam3/SACo_Gold_bundle/metaclip-images/1/131701/metaclip_1_131701_28f2ef831a7650f7f48609ae.jpeg",
      "image_index": 3,
      "is_positive": false,
      "augmentation": {
        "horizontal_flip": false,