{
  "concept_name": "dumpling",
  "tokens": [
    13400,
    12899
  ],
  "decoded_prompt": "dumpling ",
  "num_positive_images": 3,
  "num_negative_images": 10,
  "positive_mean_iou": 0.9716789825698209,
  "positive_mean_quality_iou": 0.9471930167946022,
  "positive_recall": 0.9459459459459459,
  "positive_precision": 0.9210526315789473,
  "negative_false_positive_rate": 0.08642329617031998,
  "negative_clean_rate": 0.4,
  "fitness": 0.900783809121569,
  "eval_time_seconds": 1.9898836612701416,
  "image_results": [
    {
      "image_path": "/home/ubuntu/sam3/SACo_Gold_bundle/metaclip-images/1/80501/metaclip_1_80501_e66842648dfc1fb11dcc2c53.jpeg",
      "image_index": 0,
      "is_positive": true,
      "augmentation": {
        "horizontal_flip": false,
        "gaussian_blur": false,
        "blur_sigma": null,
        "gaussian_noise": false,
        "noise_std": null,
        "brightness_adjusted": false,
        "brightness_factor": null,
        "contrast_adjusted": false,
        "contrast_factor": null
      },
      "num_predictions": 7,
      "prediction_confidences": [
        0.972280740737915,
        0.9692137241363525,
        0.9731462001800537,
        0.9702417254447937,
        0.9741771221160889,
        0.9723941683769226,
        0.9731728434562683
      ],
      "prediction_areas": [
        25552,
        24509,
        31511,
        31176,
        20603,
        26268,
        20762
      ],
      "num_ground_truth": 7,
      "ground_truth_areas": [
        26698,
        31942,
        21005,
        24951,
        32098,
        20758,
        25932
      ],
      "num_matched": 7,
      "matched_ious": [
        0.9810742070616397,
        0.9853879849812265,
        0.9822030278581937,
        0.980935597564883,
        0.9711526479750778,
        0.9862178255858625,
        0.9841985586002235
      ],
      "mean_iou": 0.9815956928038724,
      "false_positive_rate": 0.0,
      "quality_iou": 0.9815956928038724
    },
    {
      "image_path": "/home/ubuntu/sam3/SACo_Gold_bundle/metaclip-images/1/145501/metaclip_1_145501_82bb7e88a2d5925e80944996.jpeg",
      "image_index": 1,
      "is_positive": true,
      "augmentation": {
        "horizontal_flip": false,
        "gaussian_blur": false,
        "blur_sigma": null,
        "gaussian_noise": false,
        "noise_std": null,
        "brightness_adjusted": false,
        "brightness_factor": null,
        "contrast_adjusted": false,
        "contrast_factor": null
      },
      "num_predictions": 26,
      "prediction_confidences": [
        0.8793880343437195,
        0.8655492067337036,
        0.8704532980918884,
        0.8412846922874451,
        0.5667698979377747,
        0.8719027042388916,
        0.8454794883728027,
        0.5430431962013245,
        0.836752712726593,
        0.8801732063293457,
        0.6212232708930969,
        0.7510997653007507,
        0.8906363248825073,
        0.905022382736206,
        0.8750605583190918,
        0.5492578148841858,
        0.8215976357460022,
        0.9024826884269714,
        0.8139640092849731,
        0.903473436832428,
        0.8593854904174805,
        0.7240381240844727,
        0.8506487607955933,
        0.8577201962471008,
        0.7725545167922974,
        0.882599413394928
      ],
      "prediction_areas": [
        14521,
        12185,
        23633,
        7645,
        1913,
        17289,
        14519,
        12468,
        32677,
        17726,
        3486,
        9277,
        24874,
        17877,
        16601,
        16433,
        19238,
        27549,
        11638,
        20349,
        12027,
        3852,
        16164,
        25307,
        2658,
        17757
      ],
      "num_ground_truth": 26,
      "ground_truth_areas": [
        9436,
        2620,
        27569,
        25030,
        17541,
        3733,
        18027,
        1215,
        18771,
        25723,
        23066,
        11692,
        2018,
        12557,
        11838,
        3701,
        11995,
        7664,
        17358,
        32160,
        17703,
        16626,
        3722,
        17213,
        20480,
        14408
      ],
      "num_matched": 24,
      "matched_ious": [
        0.9617360310305063,
        0.9730841121495327,
        0.9888860823440263,
        0.9850437549721559,
        0.9760744102650305,
        0.9493703418144436,
        0.9800363977278994,
        0.9521828454031844,
        0.970346345418742,
        0.960330786667786,
        0.9349755328854608,
        0.9175609756097561,
        0.9644303294958316,
        0.7980080496623235,
        0.9185798184730379,
        0.9612998040496408,
        0.9753548387096774,
        0.9831148760803617,
        0.9737891564431185,
        0.9856646880949714,
        0.9687740712211886,
        0.8739542979057886,
        0.9817016939280687,
        0.9845647252521095
      ],
      "mean_iou": 0.9549526652335268,
      "false_positive_rate": 0.0,
      "quality_iou": 0.881494767907871
    },
    {
      "image_path": "/home/ubuntu/sam3/SACo_Gold_bundle/metaclip-images/1/155301/metaclip_1_155301_ad1a93744a3ccd53e3f123a7.jpeg",
      "image_index": 2,
      "is_positive": true,
      "augmentation": {
        "horizontal_flip": false,
        "gaussian_blur": false,
        "blur_sigma": null,
        "gaussian_noise": false,
        "noise_std": null,
        "brightness_adjusted": false,
        "brightness_factor": null,
        "contrast_adjusted": false,
        "contrast_factor": null
      },
      "num_predictions": 5,
      "prediction_confidences": [
        0.9028394222259521,
        0.8089596033096313,
        0.7086049914360046,
        0.9352747201919556,
        0.8782236576080322
      ],
      "prediction_areas": [
        85013,
        86544,
        51519,
        93600,
        58615
      ],
      "num_ground_truth": 4,
      "ground_truth_areas": [
        95291,
        52014,
        86764,
        60310
      ],
      "num_matched": 4,
      "matched_ious": [
        0.9814434071121367,
        0.986587612249597,
        0.9773574914817202,
        0.968565847844799
      ],
      "mean_iou": 0.9784885896720633,
      "false_positive_rate": 0.0,
      "quality_iou": 0.9784885896720633
    },
    {
      "image_path": "/home/ubuntu/sam3/SACo_Gold_bundle/metaclip-images/1/15501/metaclip_1_15501_e2c7cf383e9466bb48e4a313.jpeg",
      "image_index": 0,
      "is_positive": false,
      "augmentation": {
        "horizontal_flip": false,
        "gaussian_blur": false,
        "blur_sigma": null,
        "gaussian_noise": false,
        "noise_std": null,
        "brightness_adjusted": false,
        "brightness_factor": null,
        "contrast_adjusted": false,
        "contrast_factor": null
      },
      "num_predictions": 2,
      "prediction_confidences": [
        0.59466552734375,
        0.5541658401489258
      ],
      "prediction_areas": [
        7033,
        4095
      ],
      "num_ground_truth": 0,
      "ground_truth_areas": [],
      "num_matched": 0,
      "matched_ious": [],
      "mean_iou": 0.0,
      "false_positive_rate": 0.010952066011589821,
      "quality_iou": 0.0
    },
    {
      "image_path": "/home/ubuntu/sam3/SACo_Gold_bundle/metaclip-images/1/25001/metaclip_1_25001_d0659ff6e56d2b2cab78ac6e.jpeg",
      "image_index": 1,
      "is_positive": false,
      "augmentation": {
        "horizontal_flip": false,
        "gaussian_blur": false,
        "blur_sigma": null,
        "gaussian_noise": false,
        "noise_std": null,
        "brightness_adjusted": false,
        "brightness_factor": null,
        "contrast_adjusted": false,
        "contrast_factor": null
      },
      "num_predictions": 2,
      "prediction_confidences": [
        0.7446052432060242,
        0.6935058832168579
      ],
      "prediction_areas": [
        106303,
        144228
      ],
      "num_ground_truth": 0,
      "ground_truth_areas": [],
      "num_matched": 0,
      "matched_ious": [],