{
  "timestamp": "2026-01-03T06:36:45.610245",
  "hardware": {
    "device_type": "cuda",
    "device_name": "NVIDIA A100-SXM4-80GB",
    "gpu_memory_gb": 79.253662109375,
    "compute_capability": "8.0",
    "cpu_name": "x86_64",
    "cpu_cores": 16,
    "ram_gb": 118.00899887084961
  },
  "num_concepts": 2,
  "train_ratio": 0.7,
  "image_size": 1008,
  "baseline_mean_fitness": 0.808006233140425,
  "search_mean_fitness": 0.5068288630777371,
  "mean_improvement": -0.3011773700626879,
  "win_rate": 0.0,
  "total_wall_time_seconds": 9883.446422338486,
  "total_forward_passes": 3484,
  "total_flops": 2140584570312500,
  "avg_forward_passes_per_concept": 580.6666666666666,
  "avg_wall_time_per_concept": 1647.2410703897476,
  "avg_time_per_forward_pass_ms": 2941.7883428064874,
  "effective_tflops_per_second": 0.2165828071343988,
  "results": [
    {
      "concept": "fruit",
      "num_train_images": 39,
      "num_test_images": 18,
      "num_train_negatives": 15,
      "num_test_negatives": 10,
      "token_count": 3,
      "baseline_test_fitness": 0.715228657159281,
      "baseline_test_iou": 0.9249252937042682,
      "baseline_eval_time": 6.409510135650635,
      "baseline_eval_count": 1,
      "search_train_fitness": 0.6912776384121108,
      "search_test_fitness": 0.5456107398658198,
      "search_test_iou": 0.9338304168382167,
      "optimized_tokens": [
        25012,
        48067,
        2853,
        8319
      ],
      "optimized_decoded": "adriananticipating fied berries ",
      "search_time": 1258.312293767929,
      "search_evals": 332,
      "eval_time": 6.214571952819824,
      "improvement": -0.1696179172934612,
      "relative_improvement": -0.2371520150872358,
      "search_wins": "False",
      "total_search_forward_passes": 332,
      "total_time_seconds": 1264.526865720749,
      "time_per_eval_ms": 3790.0972703853286
    },
    {
      "concept": "fruit",
      "num_train_images": 39,
      "num_test_images": 18,
      "num_train_negatives": 15,
      "num_test_negatives": 10,
      "token_count": 7,
      "baseline_test_fitness": 0.715228657159281,
      "baseline_test_iou": 0.9249252937042682,
      "baseline_eval_time": 6.809212923049927,
      "baseline_eval_count": 1,
      "search_train_fitness": 0.5667221423186187,
      "search_test_fitness": 0.577068887314047,
      "search_test_iou": 0.9381982385245254,
      "optimized_tokens": [
        29802,
        5166,
        25548,
        5190,
        16049,
        37796
      ],
      "optimized_decoded": "glossy springsda fruit torres ashford ",
      "search_time": 1868.8471491336823,
      "search_evals": 505,
      "eval_time": 6.0396692752838135,
      "improvement": -0.13815976984523393,
      "relative_improvement": -0.19316867195166906,
      "search_wins": "False",
      "total_search_forward_passes": 505,
      "total_time_seconds": 1874.886818408966,
      "time_per_eval_ms": 3700.6874240270936
    },
    {
      "concept": "fruit",
      "num_train_images": 39,
      "num_test_images": 18,
      "num_train_negatives": 15,
      "num_test_negatives": 10,
      "token_count": 11,
      "baseline_test_fitness": 0.715228657159281,
      "baseline_test_iou": 0.9249252937042682,
      "baseline_eval_time": 6.317922592163086,
      "baseline_eval_count": 1,
      "search_train_fitness": 0.3884042654483604,
      "search_test_fitness": 0.4001994400393297,
      "search_test_iou": 0.8507012360219528,
      "optimized_tokens": [
        18898,
        32532,
        41491,
        37489,
        16049,
        28356,
        46219,
        20869,
        14747,
        12483,
        20615
      ],
      "optimized_decoded": "alyssa rhapsothessalbagels torres bridesmaiggychorus spinach covenphoenix",
      "search_time": 2443.3575069904327,
      "search_evals": 680,
      "eval_time": 5.556192874908447,
      "improvement": -0.31502921711995124,
      "relative_improvement": -0.44045944463575154,
      "search_wins": "False",
      "total_search_forward_passes": 680,
      "total_time_seconds": 2448.913699865341,
      "time_per_eval_ms": 3593.172804397695
    },
    {
      "concept": "dumpling",
      "num_train_images": 5,
      "num_test_images": 3,
      "num_train_negatives": 15,
      "num_test_negatives": 10,
      "token_count": 3,
      "baseline_test_fitness": 0.900783809121569,
      "baseline_test_iou": 0.9716789825698209,
      "baseline_eval_time": 2.0016260147094727,
      "baseline_eval_count": 1,
      "search_train_fitness": 0.8064319500491833,
      "search_test_fitness": 0.5193969789678211,
      "search_test_iou": 0.9493362322710551,
      "optimized_tokens": [
        17051,
        2942,
        1639
      ],
      "optimized_decoded": "somalia budrun",
      "search_time": 523.5230298042297,
      "search_evals": 240,
      "eval_time": 1.949930191040039,
      "improvement": -0.38138683015374786,
      "relative_improvement": -0.4233944108361258,
      "search_wins": "False",
      "total_search_forward_passes": 240,
      "total_time_seconds": 525.4729599952698,
      "time_per_eval_ms": 2181.345957517624
    },
    {
      "concept": "dumpling",
      "num_train_images": 5,
      "num_test_images": 3,
      "num_train_negatives": 15,
      "num_test_negatives": 10,
      "token_count": 7,
      "baseline_test_fitness": 0.900783809121569,
      "baseline_test_iou": 0.9716789825698209,
      "baseline_eval_time": 1.9842734336853027,
      "baseline_eval_count": 1,
      "search_train_fitness": 0.7443773517636104,
      "search_test_fitness": 0.5217333984996538,
      "search_test_iou": 0.9285395760993249,
      "optimized_tokens": [
        4578,
        23303,
        1639,
        48598,
        18024,
        7664,
        14628
      ],
      "optimized_decoded": "snapcotswrunelba polling rangers olo",
      "search_time": 1090.2063734531403,
      "search_evals": 498,
      "eval_time": 1.9966943264007568,
      "improvement": -0.37905041062191513,
      "relative_improvement": -0.4208006480395773,
      "search_wins": "False",
      "total_search_forward_passes": 498,
      "total_time_seconds": 1092.203067779541,
      "time_per_eval_ms": 2189.169424604699
    },
    {
      "concept": "dumpling",
      "num_train_images": 5,
      "num_test_images": 3,
      "num_train_negatives": 15,
      "num_test_negatives": 10,
      "token_count": 11,
      "baseline_test_fitness": 0.900783809121569,
      "baseline_test_iou": 0.9716789825698209,
      "baseline_eval_time": 1.9899063110351562,
      "baseline_eval_count": 1,
      "search_train_fitness": 0.8262222901646681,
      "search_test_fitness": 0.47696373377975104,
      "search_test_iou": 0.6218426476309143,
      "optimized_tokens": [
        2541,
        42217,
        5166,
        48598,
        32132,
        7664,
        37865,
        3386,
        48265,
        6717,
        30252
      ],
      "optimized_decoded": "winter judaism springelba springst rangers alphonvoice hipsters dic invin",
      "search_time": 2699.2000691890717,
      "search_evals": 1229,
      "eval_time": 1.9495058059692383,
      "improvement": -0.4238200753418179,
      "relative_improvement": -0.47050143558321833,
      "search_wins": "False",
      "total_search_forward_passes": 1229,
      "total_time_seconds": 2701.149574995041,
      "time_per_eval_ms": 2196.2571759064863
    }
  ]
}