{
  "timestamp": "2026-01-03T19:46:45.208820",
  "hardware": {
    "device_type": "cuda",
    "device_name": "NVIDIA A100-SXM4-80GB",
    "gpu_memory_gb": 79.253662109375,
    "compute_capability": "8.0",
    "cpu_name": "x86_64",
    "cpu_cores": 16,
    "ram_gb": 118.0090103149414
  },
  "num_concepts": 2,
  "train_ratio": 0.7,
  "image_size": 1008,
  "baseline_mean_fitness": 0.5903136046748751,
  "search_mean_fitness": 0.0,
  "mean_improvement": -0.5903136046748751,
  "win_rate": 0.0,
  "total_wall_time_seconds": 8235.784267663956,
  "total_forward_passes": 2706,
  "total_flops": 1662578027343750,
  "avg_forward_passes_per_concept": 451.0,
  "avg_wall_time_per_concept": 1372.6307112773259,
  "avg_time_per_forward_pass_ms": 3040.3449017069543,
  "effective_tflops_per_second": 0.2018724596601573,
  "results": [
    {
      "concept": "the wall",
      "num_train_images": 18,
      "num_test_images": 9,
      "num_train_negatives": 15,
      "num_test_negatives": 10,
      "token_count": 3,
      "baseline_test_fitness": 0.49704786183889904,
      "baseline_test_iou": 0.678019815603287,
      "baseline_eval_time": 3.8444769382476807,
      "baseline_eval_count": 1,
      "search_train_fitness": 0.0,
      "search_test_fitness": 0.0,
      "search_test_iou": 0.0,
      "optimized_tokens": [
        25581,
        42097,
        35072
      ],
      "optimized_decoded": "remedies quota brushing ",
      "search_time": 1034.7377443313599,
      "search_evals": 347,
      "eval_time": 2.7762556076049805,
      "improvement": -0.49704786183889904,
      "relative_improvement": -1.0,
      "search_wins": "False",
      "total_search_forward_passes": 347,
      "total_time_seconds": 1037.5139999389648,
      "time_per_eval_ms": 2981.9531536926797
    },
    {
      "concept": "the wall",
      "num_train_images": 18,
      "num_test_images": 9,
      "num_train_negatives": 15,
      "num_test_negatives": 10,
      "token_count": 7,
      "baseline_test_fitness": 0.49704786183889904,
      "baseline_test_iou": 0.678019815603287,
      "baseline_eval_time": 2.8053832054138184,
      "baseline_eval_count": 1,
      "search_train_fitness": 0.0,
      "search_test_fitness": 0.0,
      "search_test_iou": 0.0,
      "optimized_tokens": [
        3214,
        46383,
        46582,
        36819,
        8357,
        6036,
        544
      ],
      "optimized_decoded": "seeing garty torpedo \ud83c\udde8\ud83c\uddf3 ddle either el",
      "search_time": 1314.7973494529724,
      "search_evals": 440,
      "eval_time": 2.7923357486724854,
      "improvement": -0.49704786183889904,
      "relative_improvement": -1.0,
      "search_wins": "False",
      "total_search_forward_passes": 440,
      "total_time_seconds": 1317.589685201645,
      "time_per_eval_ms": 2988.175794211301
    },
    {
      "concept": "the wall",
      "num_train_images": 18,
      "num_test_images": 9,
      "num_train_negatives": 15,
      "num_test_negatives": 10,
      "token_count": 11,
      "baseline_test_fitness": 0.49704786183889904,
      "baseline_test_iou": 0.678019815603287,
      "baseline_eval_time": 2.8192873001098633,
      "baseline_eval_count": 1,
      "search_train_fitness": 0.0,
      "search_test_fitness": 0.0,
      "search_test_iou": 0.0,
      "optimized_tokens": [
        2040,
        47529,
        27598,
        18865,
        1461,
        4914,
        10824,
        48586,
        24890,
        5615,
        13719
      ],
      "optimized_decoded": "nowclermont desires \ufffdfriday speaker defensive merle pretzvegan gown ",
      "search_time": 1689.656131029129,
      "search_evals": 562,
      "eval_time": 2.784026622772217,
      "improvement": -0.49704786183889904,
      "relative_improvement": -1.0,
      "search_wins": "False",
      "total_search_forward_passes": 562,
      "total_time_seconds": 1692.4401576519012,
      "time_per_eval_ms": 3006.5055712262083
    },
    {
      "concept": "cabinet",
      "num_train_images": 9,
      "num_test_images": 4,
      "num_train_negatives": 15,
      "num_test_negatives": 10,
      "token_count": 3,
      "baseline_test_fitness": 0.6835793475108514,
      "baseline_test_iou": 0.8754009826650604,
      "baseline_eval_time": 2.3315117359161377,
      "baseline_eval_count": 1,
      "search_train_fitness": 0.14564733640931163,
      "search_test_fitness": 0.0,
      "search_test_iou": 0.0,
      "optimized_tokens": [
        27129,
        26675,
        20643
      ],
      "optimized_decoded": "\ubc29\ud0c4\uc18c\ub144\ub2e8 window\ud83c\udf34",
      "search_time": 725.823245048523,
      "search_evals": 236,
      "eval_time": 2.231201171875,
      "improvement": -0.6835793475108514,
      "relative_improvement": -1.0,
      "search_wins": "False",
      "total_search_forward_passes": 236,
      "total_time_seconds": 728.054446220398,
      "time_per_eval_ms": 3075.522224781877
    },
    {
      "concept": "cabinet",
      "num_train_images": 9,
      "num_test_images": 4,
      "num_train_negatives": 15,
      "num_test_negatives": 10,
      "token_count": 7,
      "baseline_test_fitness": 0.6835793475108514,
      "baseline_test_iou": 0.8754009826650604,
      "baseline_eval_time": 2.2769253253936768,
      "baseline_eval_count": 1,
      "search_train_fitness": 0.1357854627149249,
      "search_test_fitness": 0.0,
      "search_test_iou": 0.0,
      "optimized_tokens": [
        42245,
        45900,
        17792,
        33401,
        13103,
        46878,
        43042
      ],
      "optimized_decoded": "clipper denisematched \ud83c\udf6b lessly emeraldreturn",
      "search_time": 1466.4271795749664,
      "search_evals": 475,
      "eval_time": 2.2095489501953125,
      "improvement": -0.6835793475108514,
      "relative_improvement": -1.0,
      "search_wins": "False",
      "total_search_forward_passes": 475,
      "total_time_seconds": 1468.6367285251617,
      "time_per_eval_ms": 3087.2151148946664
    },
    {
      "concept": "cabinet",
      "num_train_images": 9,
      "num_test_images": 4,
      "num_train_negatives": 15,
      "num_test_negatives": 10,
      "token_count": 11,
      "baseline_test_fitness": 0.6835793475108514,
      "baseline_test_iou": 0.8754009826650604,
      "baseline_eval_time": 2.270266056060791,
      "baseline_eval_count": 1,
      "search_train_fitness": 0.2261310674926595,
      "search_test_fitness": 0.0,
      "search_test_iou": 0.0,
      "optimized_tokens": [
        1323,
        4682,
        4406,
        21429,
        10992,
        48017,
        22593,
        10491,
        23901,
        20826,
        26051
      ],
      "optimized_decoded": "ens trees lows contractor trials euref heron pti dek gerard faded ",
      "search_time": 2004.342618227005,
      "search_evals": 646,
      "eval_time": 2.216294765472412,
      "improvement": -0.6835793475108514,
      "relative_improvement": -1.0,
      "search_wins": "False",
      "total_search_forward_passes": 646,
      "total_time_seconds": 2006.5589129924774,
      "time_per_eval_ms": 3102.6975514349924
    }
  ]
}