{
  "timestamp": "2026-01-03T19:46:45.210400",
  "num_results": 6,
  "by_token_count": {
    "3": {
      "num_results": 2,
      "baseline_mean": 0.5903136046748751,
      "search_mean": 0.0,
      "search_std": 0.0,
      "improvement_mean": -0.5903136046748751,
      "improvement_std": 0.09326574283597616,
      "win_rate": 0.0,
      "avg_search_time": 880.2804946899414,
      "avg_search_evals": 291.5,
      "best_concept": "the wall",
      "worst_concept": "cabinet"
    },
    "7": {
      "num_results": 2,
      "baseline_mean": 0.5903136046748751,
      "search_mean": 0.0,
      "search_std": 0.0,
      "improvement_mean": -0.5903136046748751,
      "improvement_std": 0.09326574283597616,
      "win_rate": 0.0,
      "avg_search_time": 1390.6122645139694,
      "avg_search_evals": 457.5,
      "best_concept": "the wall",
      "worst_concept": "cabinet"
    },
    "11": {
      "num_results": 2,
      "baseline_mean": 0.5903136046748751,
      "search_mean": 0.0,
      "search_std": 0.0,
      "improvement_mean": -0.5903136046748751,
      "improvement_std": 0.09326574283597616,
      "win_rate": 0.0,
      "avg_search_time": 1846.999374628067,
      "avg_search_evals": 604.0,
      "best_concept": "the wall",
      "worst_concept": "cabinet"
    },
    "optimal_token_count": 3,
    "optimal_improvement": -0.5903136046748751
  },
  "by_concept": {
    "the wall": {
      "num_runs": 3,
      "baseline_fitness": 0.49704786183889904,
      "best_search_fitness": 0.0,
      "best_token_count": 3,
      "best_improvement": -0.49704786183889904,
      "best_prompt": "remedies quota brushing ",
      "search_wins": 