{
  "concept": "the wall",
  "num_train_images": 18,
  "num_test_images": 9,
  "num_train_negatives": 15,
  "num_test_negatives": 10,
  "token_count": 7,
  "baseline_test_fitness": 0.46958324601657575,
  "baseline_test_iou": 0.678019815603287,
  "baseline_eval_time": 2.71864914894104,
  "baseline_eval_count": 1,
  "search_train_fitness": 0.0,
  "search_test_fitness": 0.0,
  "search_test_iou": 0.0,
  "optimized_tokens": [
    41905,
    7296,
    1639,
    48598,
    18024,
    16049,
    14628
  ],
  "optimized_decoded": "bund buddrunelba polling torres olo",
  "search_time": 1335.7072381973267,
  "search_evals": 448,
  "eval_time": 2.678068161010742,
  "improvement": -0.46958324601657575,
  "relative_improvement": -1.0,
  "search_wins": "False",
  "total_search_forward_passes": 448,
  "total_time_seconds": 1338.3853063583374,
  "time_per_eval_ms": 2981.4893709761755
}