{
  "concept": "sports equipment",
  "num_train_images": 49,
  "num_test_images": 22,
  "num_train_negatives": 15,
  "num_test_negatives": 10,
  "token_count": 7,
  "baseline_test_fitness": 0.8127294880975533,
  "baseline_test_iou": 0.9601160449414493,
  "baseline_eval_time": 5.328431606292725,
  "baseline_eval_count": 1,
  "search_train_fitness": 0.7036556512735829,
  "search_test_fitness": 0.6150371723234361,
  "search_test_iou": 0.9247688625466298,
  "optimized_tokens": [
    41236,
    27087,
    8192,
    45307,
    7032,
    16049,
    14628
  ],
  "optimized_decoded": "bunk museuwalks blaupoll torres olo",
  "search_time": 1554.489685535431,
  "search_evals": 548,
  "eval_time": 4.752381324768066,
  "improvement": -0.19769231577411717,
  "relative_improvement": -0.2432449156445371,
  "search_wins": "False",
  "total_search_forward_passes": 548,
  "total_time_seconds": 1559.242066860199,
  "time_per_eval_ms": 2836.6600101011513
}