{
  "concept": "cabinet",
  "num_train_images": 9,
  "num_test_images": 4,
  "num_train_negatives": 15,
  "num_test_negatives": 10,
  "token_count": 7,
  "baseline_test_fitness": 0.6835793475108514,
  "baseline_test_iou": 0.8754009826650604,
  "baseline_eval_time": 2.2769253253936768,
  "baseline_eval_count": 1,
  "search_train_fitness": 0.1357854627149249,
  "search_test_fitness": 0.0,
  "search_test_iou": 0.0,
  "optimized_tokens": [
    42245,
    45900,
    17792,
    33401,
    13103,
    46878,
    43042
  ],
  "optimized_decoded": "clipper denisematched \ud83c\udf6b lessly emeraldreturn",
  "search_time": 1466.4271795749664,
  "search_evals": 475,
  "eval_time": 2.2095489501953125,
  "improvement": -0.6835793475108514,
  "relative_improvement": -1.0,
  "search_wins": "False",
  "total_search_forward_passes": 475,
  "total_time_seconds": 1468.6367285251617,
  "time_per_eval_ms": 3087.2151148946664
}