{
  "concept": "the wall",
  "num_train_images": 18,
  "num_test_images": 9,
  "num_train_negatives": 15,
  "num_test_negatives": 10,
  "token_count": 7,
  "baseline_test_fitness": 0.49704786183889904,
  "baseline_test_iou": 0.678019815603287,
  "baseline_eval_time": 2.8053832054138184,
  "baseline_eval_count": 1,
  "search_train_fitness": 0.0,
  "search_test_fitness": 0.0,
  "search_test_iou": 0.0,
  "optimized_tokens": [
    3214,
    46383,
    46582,
    36819,
    8357,
    6036,
    544
  ],
  "optimized_decoded": "seeing garty torpedo \ud83c\udde8\ud83c\uddf3 ddle either el",
  "search_time": 1314.7973494529724,
  "search_evals": 440,
  "eval_time": 2.7923357486724854,
  "improvement": -0.49704786183889904,
  "relative_improvement": -1.0,
  "search_wins": "False",
  "total_search_forward_passes": 440,
  "total_time_seconds": 1317.589685201645,
  "time_per_eval_ms": 2988.175794211301
}