{
  "concept": "dumpling",
  "num_train_images": 5,
  "num_test_images": 3,
  "num_train_negatives": 15,
  "num_test_negatives": 10,
  "token_count": 11,
  "baseline_test_fitness": 0.900783809121569,
  "baseline_test_iou": 0.9716789825698209,
  "baseline_eval_time": 1.9899063110351562,
  "baseline_eval_count": 1,
  "search_train_fitness": 0.8262222901646681,
  "search_test_fitness": 0.47696373377975104,
  "search_test_iou": 0.6218426476309143,
  "optimized_tokens": [
    2541,
    42217,
    5166,
    48598,
    32132,
    7664,
    37865,
    3386,
    48265,
    6717,
    30252
  ],
  "optimized_decoded": "winter judaism springelba springst rangers alphonvoice hipsters dic invin",
  "search_time": 2699.2000691890717,
  "search_evals": 1229,
  "eval_time": 1.9495058059692383,
  "improvement": -0.4238200753418179,
  "relative_improvement": -0.47050143558321833,
  "search_wins": "False",
  "total_search_forward_passes": 1229,
  "total_time_seconds": 2701.149574995041,
  "time_per_eval_ms": 2196.2571759064863
}