{
  "concept": "bowling pin",
  "num_train_images": 10,
  "num_test_images": 5,
  "num_train_negatives": 15,
  "num_test_negatives": 10,
  "token_count": 7,
  "baseline_test_fitness": 0.949826952900605,
  "baseline_test_iou": 0.9664227339889855,
  "baseline_eval_time": 2.4004733562469482,
  "baseline_eval_count": 1,
  "search_train_fitness": 0.5738413936231058,
  "search_test_fitness": 0.5883183891005838,
  "search_test_iou": 0.5807878053380373,
  "optimized_tokens": [
    9249,
    18697,
    12524,
    27439,
    33124,
    1763,
    14628
  ],
  "optimized_decoded": "mented buddhist pjspire nerdy til olo",
  "search_time": 1675.9020974636078,
  "search_evals": 477,
  "eval_time": 2.266861915588379,
  "improvement": -0.3615085638000213,
  "relative_improvement": -0.3806046592971883,
  "search_wins": "False",
  "total_search_forward_passes": 477,
  "total_time_seconds": 1678.1689593791962,
  "time_per_eval_ms": 3513.4215879740204
}