{
  "concept": "bowling pin",
  "num_train_images": 10,
  "num_test_images": 5,
  "num_train_negatives": 15,
  "num_test_negatives": 10,
  "token_count": 11,
  "baseline_test_fitness": 0.949826952900605,
  "baseline_test_iou": 0.9664227339889855,
  "baseline_eval_time": 2.3193705081939697,
  "baseline_eval_count": 1,
  "search_train_fitness": 0.5803360272152014,
  "search_test_fitness": 0.8439517862289564,
  "search_test_iou": 0.9680095508057744,
  "optimized_tokens": [
    10604,
    38884,
    28249,
    9203,
    2187,
    24279,
    14628,
    36093,
    30752,
    6717,
    44348
  ],
  "optimized_decoded": "skill lovefl penguinax vote mumbaioloportrayed domino dic sherry",
  "search_time": 3406.623640537262,
  "search_evals": 971,
  "eval_time": 2.3270211219787598,
  "improvement": -0.10587516667164865,
  "relative_improvement": -0.11146784827312432,
  "search_wins": "False",
  "total_search_forward_passes": 971,
  "total_time_seconds": 3408.9506616592407,
  "time_per_eval_ms": 3508.366262139302
}