{
  "concept": "sports equipment",
  "num_train_images": 49,
  "num_test_images": 22,
  "num_train_negatives": 15,
  "num_test_negatives": 10,
  "token_count": 11,
  "baseline_test_fitness": 0.8127294880975533,
  "baseline_test_iou": 0.9601160449414493,
  "baseline_eval_time": 5.259083986282349,
  "baseline_eval_count": 1,
  "search_train_fitness": 0.7573813311198321,
  "search_test_fitness": 0.6408199778560547,
  "search_test_iou": 0.9247982887100362,
  "optimized_tokens": [
    11796,
    2942,
    1639,
    35274,
    21412,
    16049,
    14628,
    9144,
    33020,
    6717,
    44348
  ],
  "optimized_decoded": "beijing budrunxf badminton torres olovoices beards dic sherry",
  "search_time": 2448.788923740387,
  "search_evals": 858,
  "eval_time": 4.772273302078247,
  "improvement": -0.1719095102414986,
  "relative_improvement": -0.21152119217909318,
  "search_wins": "False",
  "total_search_forward_passes": 858,
  "total_time_seconds": 2453.561197042465,
  "time_per_eval_ms": 2854.0663446857657
}