{
  "concept": "fruit",
  "num_train_images": 39,
  "num_test_images": 18,
  "num_train_negatives": 15,
  "num_test_negatives": 10,
  "token_count": 11,
  "baseline_test_fitness": 0.715228657159281,
  "baseline_test_iou": 0.9249252937042682,
  "baseline_eval_time": 6.317922592163086,
  "baseline_eval_count": 1,
  "search_train_fitness": 0.3884042654483604,
  "search_test_fitness": 0.4001994400393297,
  "search_test_iou": 0.8507012360219528,
  "optimized_tokens": [
    18898,
    32532,
    41491,
    37489,
    16049,
    28356,
    46219,
    20869,
    14747,
    12483,
    20615
  ],
  "optimized_decoded": "alyssa rhapsothessalbagels torres bridesmaiggychorus spinach covenphoenix",
  "search_time": 2443.3575069904327,
  "search_evals": 680,
  "eval_time": 5.556192874908447,
  "improvement": -0.31502921711995124,
  "relative_improvement": -0.44045944463575154,
  "search_wins": "False",
  "total_search_forward_passes": 680,
  "total_time_seconds": 2448.913699865341,
  "time_per_eval_ms": 3593.172804397695
}