{
  "concept": "the wall",
  "num_train_images": 18,
  "num_test_images": 9,
  "num_train_negatives": 15,
  "num_test_negatives": 10,
  "token_count": 11,
  "baseline_test_fitness": 0.49704786183889904,
  "baseline_test_iou": 0.678019815603287,
  "baseline_eval_time": 2.8192873001098633,
  "baseline_eval_count": 1,
  "search_train_fitness": 0.0,
  "search_test_fitness": 0.0,
  "search_test_iou": 0.0,
  "optimized_tokens": [
    2040,
    47529,
    27598,
    18865,
    1461,
    4914,
    10824,
    48586,
    24890,
    5615,
    13719
  ],
  "optimized_decoded": "nowclermont desires \ufffdfriday speaker defensive merle pretzvegan gown ",
  "search_time": 1689.656131029129,
  "search_evals": 562,
  "eval_time": 2.784026622772217,
  "improvement": -0.49704786183889904,
  "relative_improvement": -1.0,
  "search_wins": "False",
  "total_search_forward_passes": 562,
  "total_time_seconds": 1692.4401576519012,
  "time_per_eval_ms": 3006.5055712262083
}