{
  "concept": "cabinet",
  "num_train_images": 9,
  "num_test_images": 4,
  "num_train_negatives": 15,
  "num_test_negatives": 10,
  "token_count": 11,
  "baseline_test_fitness": 0.6835793475108514,
  "baseline_test_iou": 0.8754009826650604,
  "baseline_eval_time": 2.270266056060791,
  "baseline_eval_count": 1,
  "search_train_fitness": 0.2261310674926595,
  "search_test_fitness": 0.0,
  "search_test_iou": 0.0,
  "optimized_tokens": [
    1323,
    4682,
    4406,
    21429,
    10992,
    48017,
    22593,
    10491,
    23901,
    20826,
    26051
  ],
  "optimized_decoded": "ens trees lows contractor trials euref heron pti dek gerard faded ",
  "search_time": 2004.342618227005,
  "search_evals": 646,
  "eval_time": 2.216294765472412,
  "improvement": -0.6835793475108514,
  "relative_improvement": -1.0,
  "search_wins": "False",
  "total_search_forward_passes": 646,
  "total_time_seconds": 2006.5589129924774,
  "time_per_eval_ms": 3102.6975514349924
}