{
  "concept": "dumpling",
  "num_train_images": 5,
  "num_test_images": 3,
  "num_train_negatives": 15,
  "num_test_negatives": 10,
  "token_count": 7,
  "baseline_test_fitness": 0.900783809121569,
  "baseline_test_iou": 0.9716789825698209,
  "baseline_eval_time": 1.9842734336853027,
  "baseline_eval_count": 1,
  "search_train_fitness": 0.7443773517636104,
  "search_test_fitness": 0.5217333984996538,
  "search_test_iou": 0.9285395760993249,
  "optimized_tokens": [
    4578,
    23303,
    1639,
    48598,
    18024,
    7664,
    14628
  ],
  "optimized_decoded": "snapcotswrunelba polling rangers olo",
  "search_time": 1090.2063734531403,
  "search_evals": 498,
  "eval_time": 1.9966943264007568,
  "improvement": -0.37905041062191513,
  "relative_improvement": -0.4208006480395773,
  "search_wins": "False",
  "total_search_forward_passes": 498,
  "total_time_seconds": 1092.203067779541,
  "time_per_eval_ms": 2189.169424604699
}