{
  "concept": "large vehicle",
  "num_train_images": 158,
  "num_test_images": 69,
  "num_train_negatives": 161,
  "num_test_negatives": 70,
  "token_count": 3,
  "baseline_test_fitness": 0.2674801890466487,
  "baseline_test_iou": 0.22084621890342113,
  "baseline_eval_time": 13.164490222930908,
  "baseline_eval_count": 1,
  "search_train_fitness": 0.24731522112242346,
  "search_test_fitness": 0.0,
  "search_test_iou": 0.0,
  "optimized_tokens": [
    32906,
    376,
    10158
  ],
  "optimized_decoded": "blamed \ufffd liquid ",
  "search_time": 1715.3125607967377,
  "search_evals": 218,
  "eval_time": 8.39865517616272,
  "improvement": -0.2674801890466487,
  "relative_improvement": -1.0,
  "search_wins": "False",
  "total_search_forward_passes": 218,
  "total_time_seconds": 1723.7112159729004,
  "time_per_eval_ms": 7868.40624218687
}