{
  "concept": "large vehicle",
  "num_train_images": 158,
  "num_test_images": 69,
  "num_train_negatives": 161,
  "num_test_negatives": 70,
  "token_count": 11,
  "baseline_test_fitness": 0.2674801890466487,
  "baseline_test_iou": 0.22084621890342113,
  "baseline_eval_time": 12.753093481063843,
  "baseline_eval_count": 1,
  "search_train_fitness": 0.052952619602433845,
  "search_test_fitness": 0.0,
  "search_test_iou": 0.0,
  "optimized_tokens": [
    43372,
    37403,
    48346,
    13271,
    24337,
    14075,
    33279,
    2058,
    40697,
    18970
  ],
  "optimized_decoded": "potomac spro kyrgyznette adays mee nickelodeon sk nunes nuggets ",
  "search_time": 4330.441694259644,
  "search_evals": 531,
  "eval_time": 6.84299898147583,
  "improvement": -0.2674801890466487,
  "relative_improvement": -1.0,
  "search_wins": "False",
  "total_search_forward_passes": 531,
  "total_time_seconds": 4337.284693241119,
  "time_per_eval_ms": 8155.257427984263
}