{
  "concept": "baseball diamond",
  "num_train_images": 39,
  "num_test_images": 18,
  "num_train_negatives": 280,
  "num_test_negatives": 121,
  "token_count": 11,
  "baseline_test_fitness": 0.12201940658268137,
  "baseline_test_iou": 0.3554370530716539,
  "baseline_eval_time": 4.526677846908569,
  "baseline_eval_count": 1,
  "search_train_fitness": 0.3108426081106618,
  "search_test_fitness": 0.1638967765619108,
  "search_test_iou": 0.17804723489529944,
  "optimized_tokens": [
    36298,
    35485,
    46821,
    45963,
    15262,
    21887,
    47232,
    32276,
    35414,
    16337,
    7141
  ],
  "optimized_decoded": "brightly giveup euroleague katelyn edtech purchases kyliejenner necklaces undocumented cali lounge ",
  "search_time": 4155.929359674454,
  "search_evals": 643,
  "eval_time": 4.300379991531372,
  "improvement": 0.04187736997922942,
  "relative_improvement": 0.3432025376295611,
  "search_wins": "True",
  "total_search_forward_passes": 643,
  "total_time_seconds": 4160.229739665985,
  "time_per_eval_ms": 6463.342705559026
}