{
  "concept": "harbor",
  "num_train_images": 77,
  "num_test_images": 34,
  "num_train_negatives": 242,
  "num_test_negatives": 105,
  "token_count": 7,
  "baseline_test_fitness": 0.2808363676920956,
  "baseline_test_iou": 0.5153491126148835,
  "baseline_eval_time": 6.544872522354126,
  "baseline_eval_count": 1,
  "search_train_fitness": 0.5068069645521665,
  "search_test_fitness": 0.2843804521937955,
  "search_test_iou": 0.48324446692214557,
  "optimized_tokens": [
    10857,
    40703,
    8616,
    4234,
    34836,
    38296,
    15165
  ],
  "optimized_decoded": "lifting transatlantic bars squad dresden understatement idaho ",
  "search_time": 3337.5737624168396,
  "search_evals": 509,
  "eval_time": 6.584730625152588,
  "improvement": 0.0035440845016999067,
  "relative_improvement": 0.012619749111644912,
  "search_wins": "True",
  "total_search_forward_passes": 509,
  "total_time_seconds": 3344.158493041992,
  "time_per_eval_ms": 6557.119376064518
}