{
  "concept": "plane",
  "num_train_images": 50,
  "num_test_images": 22,
  "num_train_negatives": 270,
  "num_test_negatives": 116,
  "token_count": 11,
  "baseline_test_fitness": 0.4502207240837889,
  "baseline_test_iou": 0.492882360334271,
  "baseline_eval_time": 13.256113529205322,
  "baseline_eval_count": 1,
  "search_train_fitness": 0.4069933586224952,
  "search_test_fitness": 0.29144913820360235,
  "search_test_iou": 0.4179290616760354,
  "optimized_tokens": [
    36221,
    36482,
    29734,
    33167,
    35354,
    46369,
    17030,
    18037,
    38349,
    30241
  ],
  "optimized_decoded": "exceeded womaninbiz hershey josie longevity floydisuresponding nagodivers",
  "search_time": 4181.394601821899,
  "search_evals": 451,
  "eval_time": 8.291476249694824,
  "improvement": -0.15877158588018653,
  "relative_improvement": -0.352652770934281,
  "search_wins": "False",
  "total_search_forward_passes": 451,
  "total_time_seconds": 4189.686078071594,
  "time_per_eval_ms": 9271.384926434366
}