{
  "concept": "ship",
  "num_train_images": 105,
  "num_test_images": 45,
  "num_train_negatives": 215,
  "num_test_negatives": 93,
  "token_count": 11,
  "baseline_test_fitness": 0.2815313837801444,
  "baseline_test_iou": 0.581700540050761,
  "baseline_eval_time": 13.806321144104004,
  "baseline_eval_count": 1,
  "search_train_fitness": 0.2751900364578084,
  "search_test_fitness": 0.167201497940783,
  "search_test_iou": 0.3142800599905414,
  "optimized_tokens": [
    10080,
    7223,
    12836,
    48886,
    21655,
    43272,
    9093,
    12523,
    29990,
    30523,
    18636
  ],
  "optimized_decoded": "boats batman casey hoosier infantry barnablabel omfg glasgowappalachbri ",
  "search_time": 6751.2346267700195,
  "search_evals": 629,
  "eval_time": 11.823944807052612,
  "improvement": -0.1143298858393614,
  "relative_improvement": -0.4060999676279244,
  "search_wins": "False",
  "total_search_forward_passes": 629,
  "total_time_seconds": 6763.058571577072,
  "time_per_eval_ms": 10733.282395500826
}