{
  "concept": "harbor",
  "num_train_images": 77,
  "num_test_images": 34,
  "num_train_negatives": 242,
  "num_test_negatives": 105,
  "token_count": 11,
  "baseline_test_fitness": 0.2808363676920956,
  "baseline_test_iou": 0.5153491126148835,
  "baseline_eval_time": 6.511740684509277,
  "baseline_eval_count": 1,
  "search_train_fitness": 0.26480790352024536,
  "search_test_fitness": 0.16791229940941826,
  "search_test_iou": 0.2684483786863262,
  "optimized_tokens": [
    11206,
    267,
    40282,
    46307,
    38481,
    21516,
    12985,
    15693,
    17747,
    40572
  ],
  "optimized_decoded": "mw , signingday qureshi popsicjolly wandermanit\ud83c\uddf3\ufffdasha",
  "search_time": 4295.325290441513,
  "search_evals": 658,
  "eval_time": 6.596279144287109,
  "improvement": -0.11292406828267731,
  "relative_improvement": -0.40209916262157835,
  "search_wins": "False",
  "total_search_forward_passes": 658,
  "total_time_seconds": 4301.9215695858,
  "time_per_eval_ms": 6527.849985473424
}