{
  "concept": "plane",
  "num_train_images": 50,
  "num_test_images": 22,
  "num_train_negatives": 270,
  "num_test_negatives": 116,
  "token_count": 7,
  "baseline_test_fitness": 0.4502207240837889,
  "baseline_test_iou": 0.492882360334271,
  "baseline_eval_time": 13.157847166061401,
  "baseline_eval_count": 1,
  "search_train_fitness": 0.32258806399282586,
  "search_test_fitness": 0.21130620254614288,
  "search_test_iou": 0.262269984316798,
  "optimized_tokens": [
    41316,
    42681,
    1650,
    31326,
    1205,
    331,
    45900
  ],
  "optimized_decoded": "supervised wwfc sure bicycles big l denise",
  "search_time": 3467.3556241989136,
  "search_evals": 389,
  "eval_time": 11.094788551330566,
  "improvement": -0.238914521537646,
  "relative_improvement": -0.5306608708958109,
  "search_wins": "False",
  "total_search_forward_passes": 389,
  "total_time_seconds": 3478.450412750244,
  "time_per_eval_ms": 8913.510602053762
}