{
  "concept": "large vehicle",
  "num_train_images": 158,
  "num_test_images": 69,
  "num_train_negatives": 161,
  "num_test_negatives": 70,
  "token_count": 7,
  "baseline_test_fitness": 0.2674801890466487,
  "baseline_test_iou": 0.22084621890342113,
  "baseline_eval_time": 12.693595170974731,
  "baseline_eval_count": 1,
  "search_train_fitness": 0.19177146086578767,
  "search_test_fitness": 0.0575750394859586,
  "search_test_iou": 0.24693802467362005,
  "optimized_tokens": [
    12588,
    42403,
    20268,
    47482,
    17848,
    4680,
    38778
  ],
  "optimized_decoded": "topped happyvalentinesday wmhartle\ufffdvisiting tsch ",
  "search_time": 3695.4304225444794,
  "search_evals": 452,
  "eval_time": 8.297795057296753,
  "improvement": -0.20990514956069012,
  "relative_improvement": -0.7847502662116128,
  "search_wins": "False",
  "total_search_forward_passes": 452,
  "total_time_seconds": 3703.728217601776,
  "time_per_eval_ms": 8175.731023328494
}